{
  "scene_id": 31,
  "scene_name": "scene_0031",
  "camera": {
    "location": [
      6,
      -6,
      3
    ],
    "resolution": [
      640,
      480
    ],
    "intrinsic_matrix": [
      [
        622.2222222222222,
        0.0,
        320.0
      ],
      [
        0.0,
        622.2222222222222,
        240.0
      ],
      [
        0.0,
        0.0,
        1.0
      ]
    ],
    "pose_matrix": [
      [
        0.7071067690849304,
        0.04159454628825188,
        0.7058823704719543,
        6.0
      ],
      [
        0.7071067690849304,
        -0.04159462824463844,
        -0.7058823108673096,
        -6.0
      ],
      [
        5.9267556196118676e-08,
        0.9982683658599854,
        -0.05882362648844719,
        3.0
      ],
      [
        0.0,
        0.0,
        0.0,
        1.0
      ]
    ],
    "focal_length_mm": 35,
    "sensor_width_mm": 36,
    "target_location": [
      0,
      0,
      3.5
    ]
  },
  "files": {
    "hdf5_file": "0.hdf5",
    "rgb_image": "scene_0031.png",
    "depth_map": "scene_0031_depth.npy",
    "semantic_segmentation": "scene_0031_semantic.npy",
    "instance_segmentation": "scene_0031_instance.npy"
  },
  "cubes": {
    "cube_1": {
      "location": [
        -1.5504045556790569,
        -0.42865055379702977,
        4.051592820359801
      ],
      "scale": 0.4024556494795951,
      "actual_size": 0.8049112989591902,
      "category_id": 1,
      "color": [
        0.2,
        0.8,
        0.2
      ],
      "roughness": 0.6801069974899292,
      "mask_pixel_count": 4400,
      "mask_coverage_percent": 1.4322916666666665,
      "bbox_width": 77,
      "bbox_height": 62,
      "bbox_area": 4774,
      "bbox_aspect_ratio": 1.2419354838709677,
      "bbox_center": [
        226.0,
        204.5
      ],
      "bbox_coords": [
        188,
        174,
        264,
        235
      ],
      "pixel_density": 0.9216589861751152,
      "equivalent_radius_pixel": 37.424103185095554,
      "equivalent_radius_bbox": 38.982193327741534,
      "bbox_coverage_percent": 1.5540364583333335
    },
    "cube_2": {
      "location": [
        0.846041344332471,
        -1.4416334585129853,
        4.945143656596285
      ],
      "scale": 0.5070424291965401,
      "actual_size": 1.0140848583930802,
      "category_id": 2,
      "color": [
        0.8,
        0.2,
        0.2
      ],
      "roughness": 0.5648666620254517,
      "mask_pixel_count": 13753,
      "mask_coverage_percent": 4.476888020833333,
      "bbox_width": 129,
      "bbox_height": 126,
      "bbox_area": 16254,
      "bbox_aspect_ratio": 1.0238095238095237,
      "bbox_center": [
        282.0,
        96.5
      ],
      "bbox_coords": [
        218,
        34,
        346,
        159
      ],
      "pixel_density": 0.8461301833394856,
      "equivalent_radius_pixel": 66.16430959879861,
      "equivalent_radius_bbox": 71.92919358668867,
      "bbox_coverage_percent": 5.291015625
    }
  },
  "segmentation_info": {
    "method": "blenderproc_builtin",
    "background_category_id": 0,
    "cube_category_ids": [
      1,
      2
    ],
    "ground_category_id": 3,
    "render_keys": [
      "depth",
      "category_id_segmaps",
      "instance_attribute_maps",
      "colors"
    ],
    "unique_segmentation_ids": [
      0,
      1,
      2,
      3
    ]
  },
  "lighting": {
    "sun_light": {
      "type": "SUN",
      "location": [
        2,
        2,
        3
      ],
      "energy": 5,
      "rotation_euler": [
        0.3,
        0.3,
        0
      ]
    },
    "point_light": {
      "type": "POINT",
      "location": [
        -1,
        -1,
        2
      ],
      "energy": 100
    }
  },
  "ground": {
    "scale": [
      10,
      10,
      1
    ],
    "location": [
      0,
      0,
      -1
    ],
    "color": [
      0.7,
      0.7,
      0.7
    ]
  }
}