{
  "scene_id": 9,
  "scene_name": "scene_0009",
  "camera": {
    "location": [
      6,
      -6,
      3
    ],
    "resolution": [
      640,
      480
    ],
    "intrinsic_matrix": [
      [
        622.2222222222222,
        0.0,
        320.0
      ],
      [
        0.0,
        622.2222222222222,
        240.0
      ],
      [
        0.0,
        0.0,
        1.0
      ]
    ],
    "pose_matrix": [
      [
        0.7071067690849304,
        0.04159454628825188,
        0.7058823704719543,
        6.0
      ],
      [
        0.7071067690849304,
        -0.04159462824463844,
        -0.7058823108673096,
        -6.0
      ],
      [
        5.9267556196118676e-08,
        0.9982683658599854,
        -0.05882362648844719,
        3.0
      ],
      [
        0.0,
        0.0,
        0.0,
        1.0
      ]
    ],
    "focal_length_mm": 35,
    "sensor_width_mm": 36,
    "target_location": [
      0,
      0,
      3.5
    ]
  },
  "files": {
    "hdf5_file": "0.hdf5",
    "rgb_image": "scene_0009.png",
    "depth_map": "scene_0009_depth.npy",
    "semantic_segmentation": "scene_0009_semantic.npy",
    "instance_segmentation": "scene_0009_instance.npy"
  },
  "cubes": {
    "cube_1": {
      "location": [
        -0.5067522744198318,
        -1.445842349942179,
        4.599685549959024
      ],
      "scale": 0.49260147156300427,
      "actual_size": 0.9852029431260085,
      "category_id": 1,
      "color": [
        0.8,
        0.2,
        0.2
      ],
      "roughness": 0.43533021211624146,
      "mask_pixel_count": 8933,
      "mask_coverage_percent": 2.9078776041666665,
      "bbox_width": 110,
      "bbox_height": 100,
      "bbox_area": 11000,
      "bbox_aspect_ratio": 1.1,
      "bbox_center": [
        210.5,
        145.5
      ],
      "bbox_coords": [
        156,
        96,
        265,
        195
      ],
      "pixel_density": 0.8120909090909091,
      "equivalent_radius_pixel": 53.3241241210749,
      "equivalent_radius_bbox": 59.172702727031975,
      "bbox_coverage_percent": 3.5807291666666665
    },
    "cube_2": {
      "location": [
        0.41879529001756444,
        -0.6639039649286729,
        4.8091576013710355
      ],
      "scale": 0.4927443070684343,
      "actual_size": 0.9854886141368686,
      "category_id": 2,
      "color": [
        0.2,
        0.8,
        0.8
      ],
      "roughness": 0.3163582980632782,
      "mask_pixel_count": 9878,
      "mask_coverage_percent": 3.215494791666667,
      "bbox_width": 111,
      "bbox_height": 104,
      "bbox_area": 11544,
      "bbox_aspect_ratio": 1.0673076923076923,
      "bbox_center": [
        306.0,
        127.5
      ],
      "bbox_coords": [
        251,
        76,
        361,
        179
      ],
      "pixel_density": 0.8556826056826057,
      "equivalent_radius_pixel": 56.07374658183172,
      "equivalent_radius_bbox": 60.618226022423976,
      "bbox_coverage_percent": 3.7578124999999996
    }
  },
  "segmentation_info": {
    "method": "blenderproc_builtin",
    "background_category_id": 0,
    "cube_category_ids": [
      1,
      2
    ],
    "ground_category_id": 3,
    "render_keys": [
      "depth",
      "category_id_segmaps",
      "instance_attribute_maps",
      "colors"
    ],
    "unique_segmentation_ids": [
      0,
      1,
      2,
      3
    ]
  },
  "lighting": {
    "sun_light": {
      "type": "SUN",
      "location": [
        2,
        2,
        3
      ],
      "energy": 5,
      "rotation_euler": [
        0.3,
        0.3,
        0
      ]
    },
    "point_light": {
      "type": "POINT",
      "location": [
        -1,
        -1,
        2
      ],
      "energy": 100
    }
  },
  "ground": {
    "scale": [
      10,
      10,
      1
    ],
    "location": [
      0,
      0,
      -1
    ],
    "color": [
      0.7,
      0.7,
      0.7
    ]
  }
}