{
  "scene_id": 5,
  "scene_name": "scene_0005",
  "camera": {
    "location": [
      6,
      -6,
      3
    ],
    "resolution": [
      640,
      480
    ],
    "intrinsic_matrix": [
      [
        622.2222222222222,
        0.0,
        320.0
      ],
      [
        0.0,
        622.2222222222222,
        240.0
      ],
      [
        0.0,
        0.0,
        1.0
      ]
    ],
    "pose_matrix": [
      [
        0.7071067690849304,
        0.04159454628825188,
        0.7058823704719543,
        6.0
      ],
      [
        0.7071067690849304,
        -0.04159462824463844,
        -0.7058823108673096,
        -6.0
      ],
      [
        5.9267556196118676e-08,
        0.9982683658599854,
        -0.05882362648844719,
        3.0
      ],
      [
        0.0,
        0.0,
        0.0,
        1.0
      ]
    ],
    "focal_length_mm": 35,
    "sensor_width_mm": 36,
    "target_location": [
      0,
      0,
      3.5
    ]
  },
  "files": {
    "hdf5_file": "0.hdf5",
    "rgb_image": "scene_0005.png",
    "depth_map": "scene_0005_depth.npy",
    "semantic_segmentation": "scene_0005_semantic.npy",
    "instance_segmentation": "scene_0005_instance.npy"
  },
  "cubes": {
    "cube_1": {
      "location": [
        0.9671479570429176,
        1.1807742622627866,
        4.8273508513311505
      ],
      "scale": 0.5245803389779404,
      "actual_size": 1.0491606779558809,
      "category_id": 1,
      "color": [
        0.2,
        0.8,
        0.8
      ],
      "roughness": 0.5608126521110535,
      "mask_pixel_count": 9045,
      "mask_coverage_percent": 2.9443359375,
      "bbox_width": 107,
      "bbox_height": 97,
      "bbox_area": 10379,
      "bbox_aspect_ratio": 1.1030927835051547,
      "bbox_center": [
        428.0,
        142.0
      ],
      "bbox_coords": [
        375,
        94,
        481,
        190
      ],
      "pixel_density": 0.8714712400038539,
      "equivalent_radius_pixel": 53.657365948510616,
      "equivalent_radius_bbox": 57.47815505652181,
      "bbox_coverage_percent": 3.3785807291666665
    },
    "cube_2": {
      "location": [
        1.3613924820906713,
        1.1038342697428676,
        2.7471579681852734
      ],
      "scale": 0.5060079709127623,
      "actual_size": 1.0120159418255246,
      "category_id": 2,
      "color": [
        0.8,
        0.2,
        0.2
      ],
      "roughness": 0.6603602170944214,
      "mask_pixel_count": 8621,
      "mask_coverage_percent": 2.806315104166667,
      "bbox_width": 109,
      "bbox_height": 83,
      "bbox_area": 9047,
      "bbox_aspect_ratio": 1.3132530120481927,
      "bbox_center": [
        451.0,
        297.0
      ],
      "bbox_coords": [
        397,
        256,
        505,
        338
      ],
      "pixel_density": 0.9529125677020006,
      "equivalent_radius_pixel": 52.384630654328944,
      "equivalent_radius_bbox": 53.66329788882486,
      "bbox_coverage_percent": 2.9449869791666665
    }
  },
  "segmentation_info": {
    "method": "blenderproc_builtin",
    "background_category_id": 0,
    "cube_category_ids": [
      1,
      2
    ],
    "ground_category_id": 3,
    "render_keys": [
      "depth",
      "category_id_segmaps",
      "instance_attribute_maps",
      "colors"
    ],
    "unique_segmentation_ids": [
      0,
      1,
      2,
      3
    ]
  },
  "lighting": {
    "sun_light": {
      "type": "SUN",
      "location": [
        2,
        2,
        3
      ],
      "energy": 5,
      "rotation_euler": [
        0.3,
        0.3,
        0
      ]
    },
    "point_light": {
      "type": "POINT",
      "location": [
        -1,
        -1,
        2
      ],
      "energy": 100
    }
  },
  "ground": {
    "scale": [
      10,
      10,
      1
    ],
    "location": [
      0,
      0,
      -1
    ],
    "color": [
      0.7,
      0.7,
      0.7
    ]
  }
}