{
  "scene_id": 40,
  "scene_name": "scene_0040",
  "camera": {
    "location": [
      6,
      -6,
      3
    ],
    "resolution": [
      640,
      480
    ],
    "intrinsic_matrix": [
      [
        622.2222222222222,
        0.0,
        320.0
      ],
      [
        0.0,
        622.2222222222222,
        240.0
      ],
      [
        0.0,
        0.0,
        1.0
      ]
    ],
    "pose_matrix": [
      [
        0.7071067690849304,
        0.04159454628825188,
        0.7058823704719543,
        6.0
      ],
      [
        0.7071067690849304,
        -0.04159462824463844,
        -0.7058823108673096,
        -6.0
      ],
      [
        5.9267556196118676e-08,
        0.9982683658599854,
        -0.05882362648844719,
        3.0
      ],
      [
        0.0,
        0.0,
        0.0,
        1.0
      ]
    ],
    "focal_length_mm": 35,
    "sensor_width_mm": 36,
    "target_location": [
      0,
      0,
      3.5
    ]
  },
  "files": {
    "hdf5_file": "0.hdf5",
    "rgb_image": "scene_0040.png",
    "depth_map": "scene_0040_depth.npy",
    "semantic_segmentation": "scene_0040_semantic.npy",
    "instance_segmentation": "scene_0040_instance.npy"
  },
  "cubes": {
    "cube_1": {
      "location": [
        1.51147161495604,
        -1.87261407836407,
        2.8472784384613776
      ],
      "scale": 0.4917213418774123,
      "actual_size": 0.9834426837548246,
      "category_id": 1,
      "color": [
        0.2,
        0.8,
        0.8
      ],
      "roughness": 0.5657274723052979,
      "mask_pixel_count": 15325,
      "mask_coverage_percent": 4.988606770833334
    },
    "cube_2": {
      "location": [
        -0.6064430690670384,
        1.5189972741376812,
        3.322286661391132
      ],
      "scale": 0.4256744738847152,
      "actual_size": 0.8513489477694304,
      "category_id": 2,
      "color": [
        0.8,
        0.2,
        0.2
      ],
      "roughness": 0.5109984874725342,
      "mask_pixel_count": 2308,
      "mask_coverage_percent": 0.7513020833333334
    }
  },
  "segmentation_info": {
    "method": "blenderproc_builtin",
    "background_category_id": 0,
    "cube_category_ids": [
      1,
      2
    ],
    "ground_category_id": 3,
    "render_keys": [
      "depth",
      "category_id_segmaps",
      "instance_attribute_maps",
      "colors"
    ],
    "unique_segmentation_ids": [
      0,
      1,
      2,
      3
    ]
  },
  "lighting": {
    "sun_light": {
      "type": "SUN",
      "location": [
        2,
        2,
        3
      ],
      "energy": 5,
      "rotation_euler": [
        0.3,
        0.3,
        0
      ]
    },
    "point_light": {
      "type": "POINT",
      "location": [
        -1,
        -1,
        2
      ],
      "energy": 100
    }
  },
  "ground": {
    "scale": [
      10,
      10,
      1
    ],
    "location": [
      0,
      0,
      -1
    ],
    "color": [
      0.7,
      0.7,
      0.7
    ]
  }
}