{
  "scene_id": 14,
  "scene_name": "scene_0014",
  "camera": {
    "location": [
      6,
      -6,
      3
    ],
    "resolution": [
      640,
      480
    ],
    "intrinsic_matrix": [
      [
        622.2222222222222,
        0.0,
        320.0
      ],
      [
        0.0,
        622.2222222222222,
        240.0
      ],
      [
        0.0,
        0.0,
        1.0
      ]
    ],
    "pose_matrix": [
      [
        0.7071067690849304,
        0.04159454628825188,
        0.7058823704719543,
        6.0
      ],
      [
        0.7071067690849304,
        -0.04159462824463844,
        -0.7058823108673096,
        -6.0
      ],
      [
        5.9267556196118676e-08,
        0.9982683658599854,
        -0.05882362648844719,
        3.0
      ],
      [
        0.0,
        0.0,
        0.0,
        1.0
      ]
    ],
    "focal_length_mm": 35,
    "sensor_width_mm": 36,
    "target_location": [
      0,
      0,
      3.5
    ]
  },
  "files": {
    "hdf5_file": "0.hdf5",
    "rgb_image": "scene_0014.png",
    "depth_map": "scene_0014_depth.npy",
    "semantic_segmentation": "scene_0014_semantic.npy",
    "instance_segmentation": "scene_0014_instance.npy"
  },
  "cubes": {
    "cube_1": {
      "location": [
        0.8103420959474219,
        0.6081680812571015,
        4.821057168698354
      ],
      "scale": 0.42136570754033115,
      "actual_size": 0.8427314150806623,
      "category_id": 1,
      "color": [
        0.2,
        0.2,
        0.8
      ],
      "roughness": 0.5940527319908142,
      "mask_pixel_count": 6260,
      "mask_coverage_percent": 2.0377604166666665,
      "bbox_width": 88,
      "bbox_height": 81,
      "bbox_area": 7128,
      "bbox_aspect_ratio": 1.0864197530864197,
      "bbox_center": [
        393.5,
        139.0
      ],
      "bbox_coords": [
        350,
        99,
        437,
        179
      ],
      "pixel_density": 0.878226711560045,
      "equivalent_radius_pixel": 44.63877112455639,
      "equivalent_radius_bbox": 47.63310685561105,
      "bbox_coverage_percent": 2.3203125
    },
    "cube_2": {
      "location": [
        -1.7094965082868931,
        -0.20103385141527763,
        3.3998550478570113
      ],
      "scale": 0.45820320059963965,
      "actual_size": 0.9164064011992793,
      "category_id": 2,
      "color": [
        0.8,
        0.8,
        0.2
      ],
      "roughness": 0.4575238525867462,
      "mask_pixel_count": 5216,
      "mask_coverage_percent": 1.6979166666666667,
      "bbox_width": 84,
      "bbox_height": 64,
      "bbox_area": 5376,
      "bbox_aspect_ratio": 1.3125,
      "bbox_center": [
        231.5,
        248.5
      ],
      "bbox_coords": [
        190,
        217,
        273,
        280
      ],
      "pixel_density": 0.9702380952380952,
      "equivalent_radius_pixel": 40.74683259266482,
      "equivalent_radius_bbox": 41.367063566611286,
      "bbox_coverage_percent": 1.7500000000000002
    }
  },
  "segmentation_info": {
    "method": "blenderproc_builtin",
    "background_category_id": 0,
    "cube_category_ids": [
      1,
      2
    ],
    "ground_category_id": 3,
    "render_keys": [
      "depth",
      "category_id_segmaps",
      "instance_attribute_maps",
      "colors"
    ],
    "unique_segmentation_ids": [
      0,
      1,
      2,
      3
    ]
  },
  "lighting": {
    "sun_light": {
      "type": "SUN",
      "location": [
        2,
        2,
        3
      ],
      "energy": 5,
      "rotation_euler": [
        0.3,
        0.3,
        0
      ]
    },
    "point_light": {
      "type": "POINT",
      "location": [
        -1,
        -1,
        2
      ],
      "energy": 100
    }
  },
  "ground": {
    "scale": [
      10,
      10,
      1
    ],
    "location": [
      0,
      0,
      -1
    ],
    "color": [
      0.7,
      0.7,
      0.7
    ]
  }
}