{
  "scene_id": 38,
  "scene_name": "scene_0038",
  "camera": {
    "location": [
      6,
      -6,
      3
    ],
    "resolution": [
      640,
      480
    ],
    "intrinsic_matrix": [
      [
        622.2222222222222,
        0.0,
        320.0
      ],
      [
        0.0,
        622.2222222222222,
        240.0
      ],
      [
        0.0,
        0.0,
        1.0
      ]
    ],
    "pose_matrix": [
      [
        0.7071067690849304,
        0.04159454628825188,
        0.7058823704719543,
        6.0
      ],
      [
        0.7071067690849304,
        -0.04159462824463844,
        -0.7058823108673096,
        -6.0
      ],
      [
        5.9267556196118676e-08,
        0.9982683658599854,
        -0.05882362648844719,
        3.0
      ],
      [
        0.0,
        0.0,
        0.0,
        1.0
      ]
    ],
    "focal_length_mm": 35,
    "sensor_width_mm": 36,
    "target_location": [
      0,
      0,
      3.5
    ]
  },
  "files": {
    "hdf5_file": "0.hdf5",
    "rgb_image": "scene_0038.png",
    "depth_map": "scene_0038_depth.npy",
    "semantic_segmentation": "scene_0038_semantic.npy",
    "instance_segmentation": "scene_0038_instance.npy"
  },
  "cubes": {
    "cube_1": {
      "location": [
        -0.28391606347237763,
        0.8971952826251561,
        2.198694408678952
      ],
      "scale": 0.527894738944064,
      "actual_size": 1.055789477888128,
      "category_id": 1,
      "color": [
        0.2,
        0.8,
        0.8
      ],
      "roughness": 0.4853382110595703,
      "mask_pixel_count": 6536,
      "mask_coverage_percent": 2.1276041666666665,
      "bbox_width": 101,
      "bbox_height": 80,
      "bbox_area": 8080,
      "bbox_aspect_ratio": 1.2625,
      "bbox_center": [
        349.0,
        333.5
      ],
      "bbox_coords": [
        299,
        294,
        399,
        373
      ],
      "pixel_density": 0.808910891089109,
      "equivalent_radius_pixel": 45.61220687598064,
      "equivalent_radius_bbox": 50.71433604381535,
      "bbox_coverage_percent": 2.6302083333333335
    },
    "cube_2": {
      "location": [
        0.6601413241055991,
        0.3624408049752432,
        2.984115926927998
      ],
      "scale": 0.40873616279369057,
      "actual_size": 0.8174723255873811,
      "category_id": 2,
      "color": [
        0.2,
        0.8,
        0.8
      ],
      "roughness": 0.4317914545536041,
      "mask_pixel_count": 5570,
      "mask_coverage_percent": 1.8131510416666667,
      "bbox_width": 87,
      "bbox_height": 66,
      "bbox_area": 5742,
      "bbox_aspect_ratio": 1.3181818181818181,
      "bbox_center": [
        374.0,
        277.5
      ],
      "bbox_coords": [
        331,
        245,
        417,
        310
      ],
      "pixel_density": 0.970045280390108,
      "equivalent_radius_pixel": 42.106841083649506,
      "equivalent_radius_bbox": 42.752021782218975,
      "bbox_coverage_percent": 1.869140625
    }
  },
  "segmentation_info": {
    "method": "blenderproc_builtin",
    "background_category_id": 0,
    "cube_category_ids": [
      1,
      2
    ],
    "ground_category_id": 3,
    "render_keys": [
      "depth",
      "category_id_segmaps",
      "instance_attribute_maps",
      "colors"
    ],
    "unique_segmentation_ids": [
      0,
      1,
      2,
      3
    ]
  },
  "lighting": {
    "sun_light": {
      "type": "SUN",
      "location": [
        2,
        2,
        3
      ],
      "energy": 5,
      "rotation_euler": [
        0.3,
        0.3,
        0
      ]
    },
    "point_light": {
      "type": "POINT",
      "location": [
        -1,
        -1,
        2
      ],
      "energy": 100
    }
  },
  "ground": {
    "scale": [
      10,
      10,
      1
    ],
    "location": [
      0,
      0,
      -1
    ],
    "color": [
      0.7,
      0.7,
      0.7
    ]
  }
}