{
  "scene_id": 27,
  "scene_name": "scene_0027",
  "camera": {
    "location": [
      6,
      -6,
      3
    ],
    "resolution": [
      640,
      480
    ],
    "intrinsic_matrix": [
      [
        622.2222222222222,
        0.0,
        320.0
      ],
      [
        0.0,
        622.2222222222222,
        240.0
      ],
      [
        0.0,
        0.0,
        1.0
      ]
    ],
    "pose_matrix": [
      [
        0.7071067690849304,
        0.04159454628825188,
        0.7058823704719543,
        6.0
      ],
      [
        0.7071067690849304,
        -0.04159462824463844,
        -0.7058823108673096,
        -6.0
      ],
      [
        5.9267556196118676e-08,
        0.9982683658599854,
        -0.05882362648844719,
        3.0
      ],
      [
        0.0,
        0.0,
        0.0,
        1.0
      ]
    ],
    "focal_length_mm": 35,
    "sensor_width_mm": 36,
    "target_location": [
      0,
      0,
      3.5
    ]
  },
  "files": {
    "hdf5_file": "0.hdf5",
    "rgb_image": "scene_0027.png",
    "depth_map": "scene_0027_depth.npy",
    "semantic_segmentation": "scene_0027_semantic.npy",
    "instance_segmentation": "scene_0027_instance.npy"
  },
  "cubes": {
    "cube_1": {
      "location": [
        0.8054781638746991,
        1.8281880106322714,
        2.5892093272644807
      ],
      "scale": 0.5296994439957766,
      "actual_size": 1.0593988879915532,
      "category_id": 1,
      "color": [
        0.8,
        0.2,
        0.2
      ],
      "roughness": 0.401761919260025,
      "mask_pixel_count": 7677,
      "mask_coverage_percent": 2.4990234375,
      "bbox_width": 103,
      "bbox_height": 78,
      "bbox_area": 8034,
      "bbox_aspect_ratio": 1.3205128205128205,
      "bbox_center": [
        446.0,
        306.5
      ],
      "bbox_coords": [
        395,
        268,
        497,
        345
      ],
      "pixel_density": 0.955563853622106,
      "equivalent_radius_pixel": 49.4334400606812,
      "equivalent_radius_bbox": 50.569769878857215,
      "bbox_coverage_percent": 2.615234375
    },
    "cube_2": {
      "location": [
        -0.9883490689881231,
        1.3366073016782347,
        3.208705108985337
      ],
      "scale": 0.5079127510384718,
      "actual_size": 1.0158255020769436,
      "category_id": 2,
      "color": [
        0.2,
        0.8,
        0.2
      ],
      "roughness": 0.6638725996017456,
      "mask_pixel_count": 5702,
      "mask_coverage_percent": 1.8561197916666667,
      "bbox_width": 88,
      "bbox_height": 68,
      "bbox_area": 5984,
      "bbox_aspect_ratio": 1.2941176470588236,
      "bbox_center": [
        334.5,
        262.5
      ],
      "bbox_coords": [
        291,
        229,
        378,
        296
      ],
      "pixel_density": 0.9528743315508021,
      "equivalent_radius_pixel": 42.602851677088175,
      "equivalent_radius_bbox": 43.64362907600379,
      "bbox_coverage_percent": 1.9479166666666665
    }
  },
  "segmentation_info": {
    "method": "blenderproc_builtin",
    "background_category_id": 0,
    "cube_category_ids": [
      1,
      2
    ],
    "ground_category_id": 3,
    "render_keys": [
      "depth",
      "category_id_segmaps",
      "instance_attribute_maps",
      "colors"
    ],
    "unique_segmentation_ids": [
      0,
      1,
      2,
      3
    ]
  },
  "lighting": {
    "sun_light": {
      "type": "SUN",
      "location": [
        2,
        2,
        3
      ],
      "energy": 5,
      "rotation_euler": [
        0.3,
        0.3,
        0
      ]
    },
    "point_light": {
      "type": "POINT",
      "location": [
        -1,
        -1,
        2
      ],
      "energy": 100
    }
  },
  "ground": {
    "scale": [
      10,
      10,
      1
    ],
    "location": [
      0,
      0,
      -1
    ],
    "color": [
      0.7,
      0.7,
      0.7
    ]
  }
}