{
  "scene_id": 19,
  "scene_name": "scene_0019",
  "camera": {
    "location": [
      6,
      -6,
      3
    ],
    "resolution": [
      640,
      480
    ],
    "intrinsic_matrix": [
      [
        622.2222222222222,
        0.0,
        320.0
      ],
      [
        0.0,
        622.2222222222222,
        240.0
      ],
      [
        0.0,
        0.0,
        1.0
      ]
    ],
    "pose_matrix": [
      [
        0.7071067690849304,
        0.04159454628825188,
        0.7058823704719543,
        6.0
      ],
      [
        0.7071067690849304,
        -0.04159462824463844,
        -0.7058823108673096,
        -6.0
      ],
      [
        5.9267556196118676e-08,
        0.9982683658599854,
        -0.05882362648844719,
        3.0
      ],
      [
        0.0,
        0.0,
        0.0,
        1.0
      ]
    ],
    "focal_length_mm": 35,
    "sensor_width_mm": 36,
    "target_location": [
      0,
      0,
      3.5
    ]
  },
  "files": {
    "hdf5_file": "0.hdf5",
    "rgb_image": "scene_0019.png",
    "depth_map": "scene_0019_depth.npy",
    "semantic_segmentation": "scene_0019_semantic.npy",
    "instance_segmentation": "scene_0019_instance.npy"
  },
  "cubes": {
    "cube_1": {
      "location": [
        1.1396454243484433,
        0.08186462881232615,
        3.53447510747978
      ],
      "scale": 0.535425165360054,
      "actual_size": 1.070850330720108,
      "category_id": 1,
      "color": [
        0.8,
        0.8,
        0.2
      ],
      "roughness": 0.4388675391674042,
      "mask_pixel_count": 10966,
      "mask_coverage_percent": 3.5696614583333335
    },
    "cube_2": {
      "location": [
        0.3388243659812149,
        0.3799983936869671,
        2.32300348416948
      ],
      "scale": 0.5058397848745658,
      "actual_size": 1.0116795697491316,
      "category_id": 2,
      "color": [
        0.8,
        0.8,
        0.2
      ],
      "roughness": 0.43094679713249207,
      "mask_pixel_count": 8343,
      "mask_coverage_percent": 2.7158203125
    }
  },
  "segmentation_info": {
    "method": "blenderproc_builtin",
    "background_category_id": 0,
    "cube_category_ids": [
      1,
      2
    ],
    "ground_category_id": 3,
    "render_keys": [
      "depth",
      "category_id_segmaps",
      "instance_attribute_maps",
      "colors"
    ],
    "unique_segmentation_ids": [
      0,
      1,
      2,
      3
    ]
  },
  "lighting": {
    "sun_light": {
      "type": "SUN",
      "location": [
        2,
        2,
        3
      ],
      "energy": 5,
      "rotation_euler": [
        0.3,
        0.3,
        0
      ]
    },
    "point_light": {
      "type": "POINT",
      "location": [
        -1,
        -1,
        2
      ],
      "energy": 100
    }
  },
  "ground": {
    "scale": [
      10,
      10,
      1
    ],
    "location": [
      0,
      0,
      -1
    ],
    "color": [
      0.7,
      0.7,
      0.7
    ]
  }
}