{
  "scene_id": 34,
  "scene_name": "scene_0034",
  "camera": {
    "location": [
      6,
      -6,
      3
    ],
    "resolution": [
      640,
      480
    ],
    "intrinsic_matrix": [
      [
        622.2222222222222,
        0.0,
        320.0
      ],
      [
        0.0,
        622.2222222222222,
        240.0
      ],
      [
        0.0,
        0.0,
        1.0
      ]
    ],
    "pose_matrix": [
      [
        0.7071067690849304,
        0.04159454628825188,
        0.7058823704719543,
        6.0
      ],
      [
        0.7071067690849304,
        -0.04159462824463844,
        -0.7058823108673096,
        -6.0
      ],
      [
        5.9267556196118676e-08,
        0.9982683658599854,
        -0.05882362648844719,
        3.0
      ],
      [
        0.0,
        0.0,
        0.0,
        1.0
      ]
    ],
    "focal_length_mm": 35,
    "sensor_width_mm": 36,
    "target_location": [
      0,
      0,
      3.5
    ]
  },
  "files": {
    "hdf5_file": "0.hdf5",
    "rgb_image": "scene_0034.png",
    "depth_map": "scene_0034_depth.npy",
    "semantic_segmentation": "scene_0034_semantic.npy",
    "instance_segmentation": "scene_0034_instance.npy"
  },
  "cubes": {
    "cube_1": {
      "location": [
        0.3429874189994466,
        1.3733048209343024,
        4.695933923793779
      ],
      "scale": 0.5057870765880824,
      "actual_size": 1.0115741531761648,
      "category_id": 1,
      "color": [
        0.8,
        0.8,
        0.2
      ],
      "roughness": 0.4458783268928528,
      "mask_pixel_count": 7298,
      "mask_coverage_percent": 2.375651041666667,
      "bbox_width": 96,
      "bbox_height": 85,
      "bbox_area": 8160,
      "bbox_aspect_ratio": 1.1294117647058823,
      "bbox_center": [
        400.5,
        159.0
      ],
      "bbox_coords": [
        353,
        117,
        448,
        201
      ],
      "pixel_density": 0.8943627450980393,
      "equivalent_radius_pixel": 48.19777535705672,
      "equivalent_radius_bbox": 50.964778732569144,
      "bbox_coverage_percent": 2.65625
    },
    "cube_2": {
      "location": [
        -0.30370187892043443,
        -0.7752649384399084,
        2.2835986893783966
      ],
      "scale": 0.5897680879601374,
      "actual_size": 1.1795361759202747,
      "category_id": 2,
      "color": [
        0.8,
        0.2,
        0.8
      ],
      "roughness": 0.6290138959884644,
      "mask_pixel_count": 12459,
      "mask_coverage_percent": 4.0556640625,
      "bbox_width": 128,
      "bbox_height": 104,
      "bbox_area": 13312,
      "bbox_aspect_ratio": 1.2307692307692308,
      "bbox_center": [
        260.5,
        336.5
      ],
      "bbox_coords": [
        197,
        285,
        324,
        388
      ],
      "pixel_density": 0.9359224759615384,
      "equivalent_radius_pixel": 62.97477964998249,
      "equivalent_radius_bbox": 65.0948631220515,
      "bbox_coverage_percent": 4.333333333333334
    }
  },
  "segmentation_info": {
    "method": "blenderproc_builtin",
    "background_category_id": 0,
    "cube_category_ids": [
      1,
      2
    ],
    "ground_category_id": 3,
    "render_keys": [
      "depth",
      "category_id_segmaps",
      "instance_attribute_maps",
      "colors"
    ],
    "unique_segmentation_ids": [
      0,
      1,
      2,
      3
    ]
  },
  "lighting": {
    "sun_light": {
      "type": "SUN",
      "location": [
        2,
        2,
        3
      ],
      "energy": 5,
      "rotation_euler": [
        0.3,
        0.3,
        0
      ]
    },
    "point_light": {
      "type": "POINT",
      "location": [
        -1,
        -1,
        2
      ],
      "energy": 100
    }
  },
  "ground": {
    "scale": [
      10,
      10,
      1
    ],
    "location": [
      0,
      0,
      -1
    ],
    "color": [
      0.7,
      0.7,
      0.7
    ]
  }
}