{
  "scene_id": 1,
  "scene_name": "scene_0001",
  "camera": {
    "location": [
      6,
      -6,
      3
    ],
    "resolution": [
      640,
      480
    ],
    "intrinsic_matrix": [
      [
        622.2222222222222,
        0.0,
        320.0
      ],
      [
        0.0,
        622.2222222222222,
        240.0
      ],
      [
        0.0,
        0.0,
        1.0
      ]
    ],
    "pose_matrix": [
      [
        0.7071067690849304,
        0.04159454628825188,
        0.7058823704719543,
        6.0
      ],
      [
        0.7071067690849304,
        -0.04159462824463844,
        -0.7058823108673096,
        -6.0
      ],
      [
        5.9267556196118676e-08,
        0.9982683658599854,
        -0.05882362648844719,
        3.0
      ],
      [
        0.0,
        0.0,
        0.0,
        1.0
      ]
    ],
    "focal_length_mm": 35,
    "sensor_width_mm": 36,
    "target_location": [
      0,
      0,
      3.5
    ]
  },
  "files": {
    "hdf5_file": "0.hdf5",
    "rgb_image": "scene_0001.png",
    "depth_map": "scene_0001_depth.npy",
    "semantic_segmentation": "scene_0001_semantic.npy",
    "instance_segmentation": "scene_0001_instance.npy"
  },
  "cubes": {
    "cube_1": {
      "location": [
        1.3897349477489307,
        1.0550984759064561,
        2.765207077218265
      ],
      "scale": 0.4268728488224803,
      "actual_size": 0.8537456976449606,
      "category_id": 1,
      "color": [
        0.8,
        0.8,
        0.2
      ],
      "roughness": 0.6043849587440491,
      "mask_pixel_count": 6172,
      "mask_coverage_percent": 2.0091145833333335,
      "bbox_width": 92,
      "bbox_height": 70,
      "bbox_area": 6440,
      "bbox_aspect_ratio": 1.3142857142857143,
      "bbox_center": [
        450.5,
        295.5
      ],
      "bbox_coords": [
        405,
        261,
        496,
        330
      ],
      "pixel_density": 0.9583850931677018,
      "equivalent_radius_pixel": 44.32390571154979,
      "equivalent_radius_bbox": 45.27599437918081,
      "bbox_coverage_percent": 2.0963541666666665
    },
    "cube_2": {
      "location": [
        -0.4815391067050889,
        -1.1601807745140915,
        3.4635699695724425
      ],
      "scale": 0.4944490487152233,
      "actual_size": 0.9888980974304467,
      "category_id": 2,
      "color": [
        0.8,
        0.8,
        0.2
      ],
      "roughness": 0.47310683131217957,
      "mask_pixel_count": 8673,
      "mask_coverage_percent": 2.8232421875,
      "bbox_width": 109,
      "bbox_height": 84,
      "bbox_area": 9156,
      "bbox_aspect_ratio": 1.2976190476190477,
      "bbox_center": [
        229.0,
        236.5
      ],
      "bbox_coords": [
        175,
        195,
        283,
        278
      ],
      "pixel_density": 0.9472477064220184,
      "equivalent_radius_pixel": 52.54237949381449,
      "equivalent_radius_bbox": 53.98560287612603,
      "bbox_coverage_percent": 2.98046875
    }
  },
  "segmentation_info": {
    "method": "blenderproc_builtin",
    "background_category_id": 0,
    "cube_category_ids": [
      1,
      2
    ],
    "ground_category_id": 3,
    "render_keys": [
      "depth",
      "category_id_segmaps",
      "instance_attribute_maps",
      "colors"
    ],
    "unique_segmentation_ids": [
      0,
      1,
      2,
      3
    ]
  },
  "lighting": {
    "sun_light": {
      "type": "SUN",
      "location": [
        2,
        2,
        3
      ],
      "energy": 5,
      "rotation_euler": [
        0.3,
        0.3,
        0
      ]
    },
    "point_light": {
      "type": "POINT",
      "location": [
        -1,
        -1,
        2
      ],
      "energy": 100
    }
  },
  "ground": {
    "scale": [
      10,
      10,
      1
    ],
    "location": [
      0,
      0,
      -1
    ],
    "color": [
      0.7,
      0.7,
      0.7
    ]
  }
}