{
  "scene_id": 17,
  "scene_name": "scene_0017",
  "camera": {
    "location": [
      6,
      -6,
      3
    ],
    "resolution": [
      640,
      480
    ],
    "intrinsic_matrix": [
      [
        622.2222222222222,
        0.0,
        320.0
      ],
      [
        0.0,
        622.2222222222222,
        240.0
      ],
      [
        0.0,
        0.0,
        1.0
      ]
    ],
    "pose_matrix": [
      [
        0.7071067690849304,
        0.04159454628825188,
        0.7058823704719543,
        6.0
      ],
      [
        0.7071067690849304,
        -0.04159462824463844,
        -0.7058823108673096,
        -6.0
      ],
      [
        5.9267556196118676e-08,
        0.9982683658599854,
        -0.05882362648844719,
        3.0
      ],
      [
        0.0,
        0.0,
        0.0,
        1.0
      ]
    ],
    "focal_length_mm": 35,
    "sensor_width_mm": 36,
    "target_location": [
      0,
      0,
      3.5
    ]
  },
  "files": {
    "hdf5_file": "0.hdf5",
    "rgb_image": "scene_0017.png",
    "depth_map": "scene_0017_depth.npy",
    "semantic_segmentation": "scene_0017_semantic.npy",
    "instance_segmentation": "scene_0017_instance.npy"
  },
  "cubes": {
    "cube_1": {
      "location": [
        1.2267631084747164,
        1.841979097295507,
        2.8688761332933965
      ],
      "scale": 0.5043967819424986,
      "actual_size": 1.0087935638849972,
      "category_id": 1,
      "color": [
        0.2,
        0.8,
        0.8
      ],
      "roughness": 0.5816879272460938,
      "mask_pixel_count": 7356,
      "mask_coverage_percent": 2.39453125,
      "bbox_width": 100,
      "bbox_height": 77,
      "bbox_area": 7700,
      "bbox_aspect_ratio": 1.2987012987012987,
      "bbox_center": [
        471.5,
        286.0
      ],
      "bbox_coords": [
        422,
        248,
        521,
        324
      ],
      "pixel_density": 0.9553246753246754,
      "equivalent_radius_pixel": 48.3889194213713,
      "equivalent_radius_bbox": 49.507435033691536,
      "bbox_coverage_percent": 2.506510416666667
    },
    "cube_2": {
      "location": [
        -1.5593518043311527,
        -1.8922528848378928,
        3.1525133136328924
      ],
      "scale": 0.5322766114447661,
      "actual_size": 1.0645532228895322,
      "category_id": 2,
      "color": [
        0.2,
        0.8,
        0.8
      ],
      "roughness": 0.46782657504081726,
      "mask_pixel_count": 9595,
      "mask_coverage_percent": 3.1233723958333335,
      "bbox_width": 115,
      "bbox_height": 88,
      "bbox_area": 10120,
      "bbox_aspect_ratio": 1.3068181818181819,
      "bbox_center": [
        135.0,
        263.5
      ],
      "bbox_coords": [
        78,
        220,
        192,
        307
      ],
      "pixel_density": 0.9481225296442688,
      "equivalent_radius_pixel": 55.26466645093836,
      "equivalent_radius_bbox": 56.7564626115825,
      "bbox_coverage_percent": 3.2942708333333335
    }
  },
  "segmentation_info": {
    "method": "blenderproc_builtin",
    "background_category_id": 0,
    "cube_category_ids": [
      1,
      2
    ],
    "ground_category_id": 3,
    "render_keys": [
      "depth",
      "category_id_segmaps",
      "instance_attribute_maps",
      "colors"
    ],
    "unique_segmentation_ids": [
      0,
      1,
      2,
      3
    ]
  },
  "lighting": {
    "sun_light": {
      "type": "SUN",
      "location": [
        2,
        2,
        3
      ],
      "energy": 5,
      "rotation_euler": [
        0.3,
        0.3,
        0
      ]
    },
    "point_light": {
      "type": "POINT",
      "location": [
        -1,
        -1,
        2
      ],
      "energy": 100
    }
  },
  "ground": {
    "scale": [
      10,
      10,
      1
    ],
    "location": [
      0,
      0,
      -1
    ],
    "color": [
      0.7,
      0.7,
      0.7
    ]
  }
}