{
  "scene_id": 43,
  "scene_name": "scene_0043",
  "camera": {
    "location": [
      6,
      -6,
      3
    ],
    "resolution": [
      640,
      480
    ],
    "intrinsic_matrix": [
      [
        622.2222222222222,
        0.0,
        320.0
      ],
      [
        0.0,
        622.2222222222222,
        240.0
      ],
      [
        0.0,
        0.0,
        1.0
      ]
    ],
    "pose_matrix": [
      [
        0.7071067690849304,
        0.04159454628825188,
        0.7058823704719543,
        6.0
      ],
      [
        0.7071067690849304,
        -0.04159462824463844,
        -0.7058823108673096,
        -6.0
      ],
      [
        5.9267556196118676e-08,
        0.9982683658599854,
        -0.05882362648844719,
        3.0
      ],
      [
        0.0,
        0.0,
        0.0,
        1.0
      ]
    ],
    "focal_length_mm": 35,
    "sensor_width_mm": 36,
    "target_location": [
      0,
      0,
      3.5
    ]
  },
  "files": {
    "hdf5_file": "0.hdf5",
    "rgb_image": "scene_0043.png",
    "depth_map": "scene_0043_depth.npy",
    "semantic_segmentation": "scene_0043_semantic.npy",
    "instance_segmentation": "scene_0043_instance.npy"
  },
  "cubes": {
    "cube_1": {
      "location": [
        0.7848972905482112,
        -1.424267114418556,
        3.3875967644872627
      ],
      "scale": 0.40771036786747605,
      "actual_size": 0.8154207357349521,
      "category_id": 1,
      "color": [
        0.2,
        0.8,
        0.8
      ],
      "roughness": 0.5793754458427429,
      "mask_pixel_count": 7913,
      "mask_coverage_percent": 2.5758463541666665
    },
    "cube_2": {
      "location": [
        0.39523179823971466,
        0.43595334944597175,
        3.5422356150833254
      ],
      "scale": 0.4192568830448229,
      "actual_size": 0.8385137660896458,
      "category_id": 2,
      "color": [
        0.8,
        0.2,
        0.8
      ],
      "roughness": 0.4489498734474182,
      "mask_pixel_count": 4822,
      "mask_coverage_percent": 1.5696614583333335
    }
  },
  "segmentation_info": {
    "method": "blenderproc_builtin",
    "background_category_id": 0,
    "cube_category_ids": [
      1,
      2
    ],
    "ground_category_id": 3,
    "render_keys": [
      "depth",
      "category_id_segmaps",
      "instance_attribute_maps",
      "colors"
    ],
    "unique_segmentation_ids": [
      0,
      1,
      2,
      3
    ]
  },
  "lighting": {
    "sun_light": {
      "type": "SUN",
      "location": [
        2,
        2,
        3
      ],
      "energy": 5,
      "rotation_euler": [
        0.3,
        0.3,
        0
      ]
    },
    "point_light": {
      "type": "POINT",
      "location": [
        -1,
        -1,
        2
      ],
      "energy": 100
    }
  },
  "ground": {
    "scale": [
      10,
      10,
      1
    ],
    "location": [
      0,
      0,
      -1
    ],
    "color": [
      0.7,
      0.7,
      0.7
    ]
  }
}