{
  "scene_id": 35,
  "scene_name": "scene_0035",
  "camera": {
    "location": [
      6,
      -6,
      3
    ],
    "resolution": [
      640,
      480
    ],
    "intrinsic_matrix": [
      [
        622.2222222222222,
        0.0,
        320.0
      ],
      [
        0.0,
        622.2222222222222,
        240.0
      ],
      [
        0.0,
        0.0,
        1.0
      ]
    ],
    "pose_matrix": [
      [
        0.7071067690849304,
        0.04159454628825188,
        0.7058823704719543,
        6.0
      ],
      [
        0.7071067690849304,
        -0.04159462824463844,
        -0.7058823108673096,
        -6.0
      ],
      [
        5.9267556196118676e-08,
        0.9982683658599854,
        -0.05882362648844719,
        3.0
      ],
      [
        0.0,
        0.0,
        0.0,
        1.0
      ]
    ],
    "focal_length_mm": 35,
    "sensor_width_mm": 36,
    "target_location": [
      0,
      0,
      3.5
    ]
  },
  "files": {
    "hdf5_file": "0.hdf5",
    "rgb_image": "scene_0035.png",
    "depth_map": "scene_0035_depth.npy",
    "semantic_segmentation": "scene_0035_semantic.npy",
    "instance_segmentation": "scene_0035_instance.npy"
  },
  "cubes": {
    "cube_1": {
      "location": [
        1.0021638015426828,
        0.9892269176384163,
        4.59513537185003
      ],
      "scale": 0.5097389211287644,
      "actual_size": 1.0194778422575288,
      "category_id": 1,
      "color": [
        0.2,
        0.2,
        0.8
      ],
      "roughness": 0.4726901948451996,
      "mask_pixel_count": 8754,
      "mask_coverage_percent": 2.849609375,
      "bbox_width": 105,
      "bbox_height": 93,
      "bbox_area": 9765,
      "bbox_aspect_ratio": 1.1290322580645162,
      "bbox_center": [
        422.0,
        156.0
      ],
      "bbox_coords": [
        370,
        110,
        474,
        202
      ],
      "pixel_density": 0.8964669738863287,
      "equivalent_radius_pixel": 52.78716457296133,
      "equivalent_radius_bbox": 55.752094477111044,
      "bbox_coverage_percent": 3.1787109374999996
    },
    "cube_2": {
      "location": [
        -1.7527549342099102,
        0.10301455124909609,
        4.588395713177311
      ],
      "scale": 0.4504297115903199,
      "actual_size": 0.9008594231806398,
      "category_id": 2,
      "color": [
        0.2,
        0.2,
        0.8
      ],
      "roughness": 0.561159074306488,
      "mask_pixel_count": 5075,
      "mask_coverage_percent": 1.6520182291666667,
      "bbox_width": 81,
      "bbox_height": 69,
      "bbox_area": 5589,
      "bbox_aspect_ratio": 1.173913043478261,
      "bbox_center": [
        246.0,
        174.0
      ],
      "bbox_coords": [
        206,
        140,
        286,
        208
      ],
      "pixel_density": 0.9080336375022365,
      "equivalent_radius_pixel": 40.19232106239621,
      "equivalent_radius_bbox": 42.17859592116843,
      "bbox_coverage_percent": 1.8193359375
    }
  },
  "segmentation_info": {
    "method": "blenderproc_builtin",
    "background_category_id": 0,
    "cube_category_ids": [
      1,
      2
    ],
    "ground_category_id": 3,
    "render_keys": [
      "depth",
      "category_id_segmaps",
      "instance_attribute_maps",
      "colors"
    ],
    "unique_segmentation_ids": [
      0,
      1,
      2,
      3
    ]
  },
  "lighting": {
    "sun_light": {
      "type": "SUN",
      "location": [
        2,
        2,
        3
      ],
      "energy": 5,
      "rotation_euler": [
        0.3,
        0.3,
        0
      ]
    },
    "point_light": {
      "type": "POINT",
      "location": [
        -1,
        -1,
        2
      ],
      "energy": 100
    }
  },
  "ground": {
    "scale": [
      10,
      10,
      1
    ],
    "location": [
      0,
      0,
      -1
    ],
    "color": [
      0.7,
      0.7,
      0.7
    ]
  }
}