{
  "scene_id": 20,
  "scene_name": "scene_0020",
  "camera": {
    "location": [
      6,
      -6,
      3
    ],
    "resolution": [
      640,
      480
    ],
    "intrinsic_matrix": [
      [
        622.2222222222222,
        0.0,
        320.0
      ],
      [
        0.0,
        622.2222222222222,
        240.0
      ],
      [
        0.0,
        0.0,
        1.0
      ]
    ],
    "pose_matrix": [
      [
        0.7071067690849304,
        0.04159454628825188,
        0.7058823704719543,
        6.0
      ],
      [
        0.7071067690849304,
        -0.04159462824463844,
        -0.7058823108673096,
        -6.0
      ],
      [
        5.9267556196118676e-08,
        0.9982683658599854,
        -0.05882362648844719,
        3.0
      ],
      [
        0.0,
        0.0,
        0.0,
        1.0
      ]
    ],
    "focal_length_mm": 35,
    "sensor_width_mm": 36,
    "target_location": [
      0,
      0,
      3.5
    ]
  },
  "files": {
    "hdf5_file": "0.hdf5",
    "rgb_image": "scene_0020.png",
    "depth_map": "scene_0020_depth.npy",
    "semantic_segmentation": "scene_0020_semantic.npy",
    "instance_segmentation": "scene_0020_instance.npy"
  },
  "cubes": {
    "cube_1": {
      "location": [
        0.7450166281068102,
        1.0660370254505769,
        4.713848713439821
      ],
      "scale": 0.5811279352349041,
      "actual_size": 1.1622558704698083,
      "category_id": 1,
      "color": [
        0.2,
        0.2,
        0.8
      ],
      "roughness": 0.5696039199829102,
      "mask_pixel_count": 10839,
      "mask_coverage_percent": 3.5283203125000004
    },
    "cube_2": {
      "location": [
        -1.593933943744589,
        -0.6902932949977916,
        4.71629006049137
      ],
      "scale": 0.5698680265321519,
      "actual_size": 1.1397360530643037,
      "category_id": 2,
      "color": [
        0.8,
        0.2,
        0.2
      ],
      "roughness": 0.4646092355251312,
      "mask_pixel_count": 9428,
      "mask_coverage_percent": 3.0690104166666665
    }
  },
  "segmentation_info": {
    "method": "blenderproc_builtin",
    "background_category_id": 0,
    "cube_category_ids": [
      1,
      2
    ],
    "ground_category_id": 3,
    "render_keys": [
      "depth",
      "category_id_segmaps",
      "instance_attribute_maps",
      "colors"
    ],
    "unique_segmentation_ids": [
      0,
      1,
      2,
      3
    ]
  },
  "lighting": {
    "sun_light": {
      "type": "SUN",
      "location": [
        2,
        2,
        3
      ],
      "energy": 5,
      "rotation_euler": [
        0.3,
        0.3,
        0
      ]
    },
    "point_light": {
      "type": "POINT",
      "location": [
        -1,
        -1,
        2
      ],
      "energy": 100
    }
  },
  "ground": {
    "scale": [
      10,
      10,
      1
    ],
    "location": [
      0,
      0,
      -1
    ],
    "color": [
      0.7,
      0.7,
      0.7
    ]
  }
}