{
  "scene_id": 11,
  "scene_name": "scene_0011",
  "camera": {
    "location": [
      6,
      -6,
      3
    ],
    "resolution": [
      640,
      480
    ],
    "intrinsic_matrix": [
      [
        622.2222222222222,
        0.0,
        320.0
      ],
      [
        0.0,
        622.2222222222222,
        240.0
      ],
      [
        0.0,
        0.0,
        1.0
      ]
    ],
    "pose_matrix": [
      [
        0.7071067690849304,
        0.04159454628825188,
        0.7058823704719543,
        6.0
      ],
      [
        0.7071067690849304,
        -0.04159462824463844,
        -0.7058823108673096,
        -6.0
      ],
      [
        5.9267556196118676e-08,
        0.9982683658599854,
        -0.05882362648844719,
        3.0
      ],
      [
        0.0,
        0.0,
        0.0,
        1.0
      ]
    ],
    "focal_length_mm": 35,
    "sensor_width_mm": 36,
    "target_location": [
      0,
      0,
      3.5
    ]
  },
  "files": {
    "hdf5_file": "0.hdf5",
    "rgb_image": "scene_0011.png",
    "depth_map": "scene_0011_depth.npy",
    "semantic_segmentation": "scene_0011_semantic.npy",
    "instance_segmentation": "scene_0011_instance.npy"
  },
  "cubes": {
    "cube_1": {
      "location": [
        0.23908954432198382,
        1.6968423360949174,
        3.39695021029932
      ],
      "scale": 0.4904759107019637,
      "actual_size": 0.9809518214039274,
      "category_id": 1,
      "color": [
        0.8,
        0.2,
        0.8
      ],
      "roughness": 0.6420182585716248,
      "mask_pixel_count": 3975,
      "mask_coverage_percent": 1.2939453125,
      "bbox_width": 91,
      "bbox_height": 66,
      "bbox_area": 6006,
      "bbox_aspect_ratio": 1.378787878787879,
      "bbox_center": [
        409.0,
        249.5
      ],
      "bbox_coords": [
        364,
        217,
        454,
        282
      ],
      "pixel_density": 0.6618381618381618,
      "equivalent_radius_pixel": 35.570799788317494,
      "equivalent_radius_bbox": 43.723782732282515,
      "bbox_coverage_percent": 1.955078125
    },
    "cube_2": {
      "location": [
        1.2156012508841942,
        -0.09694705516449487,
        3.8418765021780925
      ],
      "scale": 0.4379804062614744,
      "actual_size": 0.8759608125229488,
      "category_id": 2,
      "color": [
        0.2,
        0.8,
        0.2
      ],
      "roughness": 0.3376493752002716,
      "mask_pixel_count": 7856,
      "mask_coverage_percent": 2.557291666666667,
      "bbox_width": 102,
      "bbox_height": 83,
      "bbox_area": 8466,
      "bbox_aspect_ratio": 1.2289156626506024,
      "bbox_center": [
        384.5,
        204.0
      ],
      "bbox_coords": [
        334,
        163,
        435,
        245
      ],
      "pixel_density": 0.9279470824474368,
      "equivalent_radius_pixel": 50.00642424588925,
      "equivalent_radius_bbox": 51.911573819640374,
      "bbox_coverage_percent": 2.755859375
    }
  },
  "segmentation_info": {
    "method": "blenderproc_builtin",
    "background_category_id": 0,
    "cube_category_ids": [
      1,
      2
    ],
    "ground_category_id": 3,
    "render_keys": [
      "depth",
      "category_id_segmaps",
      "instance_attribute_maps",
      "colors"
    ],
    "unique_segmentation_ids": [
      0,
      1,
      2,
      3
    ]
  },
  "lighting": {
    "sun_light": {
      "type": "SUN",
      "location": [
        2,
        2,
        3
      ],
      "energy": 5,
      "rotation_euler": [
        0.3,
        0.3,
        0
      ]
    },
    "point_light": {
      "type": "POINT",
      "location": [
        -1,
        -1,
        2
      ],
      "energy": 100
    }
  },
  "ground": {
    "scale": [
      10,
      10,
      1
    ],
    "location": [
      0,
      0,
      -1
    ],
    "color": [
      0.7,
      0.7,
      0.7
    ]
  }
}