{
  "scene_id": 42,
  "scene_name": "scene_0042",
  "camera": {
    "location": [
      6,
      -6,
      3
    ],
    "resolution": [
      640,
      480
    ],
    "intrinsic_matrix": [
      [
        622.2222222222222,
        0.0,
        320.0
      ],
      [
        0.0,
        622.2222222222222,
        240.0
      ],
      [
        0.0,
        0.0,
        1.0
      ]
    ],
    "pose_matrix": [
      [
        0.7071067690849304,
        0.04159454628825188,
        0.7058823704719543,
        6.0
      ],
      [
        0.7071067690849304,
        -0.04159462824463844,
        -0.7058823108673096,
        -6.0
      ],
      [
        5.9267556196118676e-08,
        0.9982683658599854,
        -0.05882362648844719,
        3.0
      ],
      [
        0.0,
        0.0,
        0.0,
        1.0
      ]
    ],
    "focal_length_mm": 35,
    "sensor_width_mm": 36,
    "target_location": [
      0,
      0,
      3.5
    ]
  },
  "files": {
    "hdf5_file": "0.hdf5",
    "rgb_image": "scene_0042.png",
    "depth_map": "scene_0042_depth.npy",
    "semantic_segmentation": "scene_0042_semantic.npy",
    "instance_segmentation": "scene_0042_instance.npy"
  },
  "cubes": {
    "cube_1": {
      "location": [
        -1.8999569791093323,
        -0.899882726523523,
        2.669632214446468
      ],
      "scale": 0.5278853596915767,
      "actual_size": 1.0557707193831534,
      "category_id": 1,
      "color": [
        0.2,
        0.8,
        0.8
      ],
      "roughness": 0.3409980833530426,
      "mask_pixel_count": 7621,
      "mask_coverage_percent": 2.480794270833333,
      "bbox_width": 102,
      "bbox_height": 78,
      "bbox_area": 7956,
      "bbox_aspect_ratio": 1.3076923076923077,
      "bbox_center": [
        184.5,
        300.5
      ],
      "bbox_coords": [
        134,
        262,
        235,
        339
      ],
      "pixel_density": 0.9578934137757668,
      "equivalent_radius_pixel": 49.25281355015842,
      "equivalent_radius_bbox": 50.323686813251655,
      "bbox_coverage_percent": 2.58984375
    },
    "cube_2": {
      "location": [
        0.18146613499339903,
        0.36197004979615865,
        2.095348038445351
      ],
      "scale": 0.5481335489335352,
      "actual_size": 1.0962670978670703,
      "category_id": 2,
      "color": [
        0.8,
        0.2,
        0.2
      ],
      "roughness": 0.38745519518852234,
      "mask_pixel_count": 9791,
      "mask_coverage_percent": 3.1871744791666665,
      "bbox_width": 114,
      "bbox_height": 94,
      "bbox_area": 10716,
      "bbox_aspect_ratio": 1.2127659574468086,
      "bbox_center": [
        347.5,
        346.5
      ],
      "bbox_coords": [
        291,
        300,
        404,
        393
      ],
      "pixel_density": 0.9136804777902202,
      "equivalent_radius_pixel": 55.82626707586219,
      "equivalent_radius_bbox": 58.40384182864601,
      "bbox_coverage_percent": 3.48828125
    }
  },
  "segmentation_info": {
    "method": "blenderproc_builtin",
    "background_category_id": 0,
    "cube_category_ids": [
      1,
      2
    ],
    "ground_category_id": 3,
    "render_keys": [
      "depth",
      "category_id_segmaps",
      "instance_attribute_maps",
      "colors"
    ],
    "unique_segmentation_ids": [
      0,
      1,
      2,
      3
    ]
  },
  "lighting": {
    "sun_light": {
      "type": "SUN",
      "location": [
        2,
        2,
        3
      ],
      "energy": 5,
      "rotation_euler": [
        0.3,
        0.3,
        0
      ]
    },
    "point_light": {
      "type": "POINT",
      "location": [
        -1,
        -1,
        2
      ],
      "energy": 100
    }
  },
  "ground": {
    "scale": [
      10,
      10,
      1
    ],
    "location": [
      0,
      0,
      -1
    ],
    "color": [
      0.7,
      0.7,
      0.7
    ]
  }
}