{
  "scene_id": 39,
  "scene_name": "scene_0039",
  "camera": {
    "location": [
      6,
      -6,
      3
    ],
    "resolution": [
      640,
      480
    ],
    "intrinsic_matrix": [
      [
        622.2222222222222,
        0.0,
        320.0
      ],
      [
        0.0,
        622.2222222222222,
        240.0
      ],
      [
        0.0,
        0.0,
        1.0
      ]
    ],
    "pose_matrix": [
      [
        0.7071067690849304,
        0.04159454628825188,
        0.7058823704719543,
        6.0
      ],
      [
        0.7071067690849304,
        -0.04159462824463844,
        -0.7058823108673096,
        -6.0
      ],
      [
        5.9267556196118676e-08,
        0.9982683658599854,
        -0.05882362648844719,
        3.0
      ],
      [
        0.0,
        0.0,
        0.0,
        1.0
      ]
    ],
    "focal_length_mm": 35,
    "sensor_width_mm": 36,
    "target_location": [
      0,
      0,
      3.5
    ]
  },
  "files": {
    "hdf5_file": "0.hdf5",
    "rgb_image": "scene_0039.png",
    "depth_map": "scene_0039_depth.npy",
    "semantic_segmentation": "scene_0039_semantic.npy",
    "instance_segmentation": "scene_0039_instance.npy"
  },
  "cubes": {
    "cube_1": {
      "location": [
        -0.4584083549398388,
        -1.2197587424355505,
        3.1868020011967504
      ],
      "scale": 0.44197024890730346,
      "actual_size": 0.8839404978146069,
      "category_id": 1,
      "color": [
        0.8,
        0.2,
        0.8
      ],
      "roughness": 0.30213019251823425,
      "mask_pixel_count": 7068,
      "mask_coverage_percent": 2.30078125,
      "bbox_width": 98,
      "bbox_height": 75,
      "bbox_area": 7350,
      "bbox_aspect_ratio": 1.3066666666666666,
      "bbox_center": [
        226.5,
        260.0
      ],
      "bbox_coords": [
        178,
        223,
        275,
        297
      ],
      "pixel_density": 0.9616326530612245,
      "equivalent_radius_pixel": 47.43220715449612,
      "equivalent_radius_bbox": 48.36918092598697,
      "bbox_coverage_percent": 2.392578125
    },
    "cube_2": {
      "location": [
        0.7068380521563427,
        0.8415693693845872,
        4.876689459711834
      ],
      "scale": 0.5597847510199041,
      "actual_size": 1.1195695020398082,
      "category_id": 2,
      "color": [
        0.8,
        0.2,
        0.2
      ],
      "roughness": 0.41760188341140747,
      "mask_pixel_count": 10432,
      "mask_coverage_percent": 3.3958333333333335,
      "bbox_width": 114,
      "bbox_height": 105,
      "bbox_area": 11970,
      "bbox_aspect_ratio": 1.0857142857142856,
      "bbox_center": [
        398.5,
        137.0
      ],
      "bbox_coords": [
        342,
        85,
        455,
        189
      ],
      "pixel_density": 0.8715121136173768,
      "equivalent_radius_pixel": 57.624723276292656,
      "equivalent_radius_bbox": 61.72656913858063,
      "bbox_coverage_percent": 3.896484375
    }
  },
  "segmentation_info": {
    "method": "blenderproc_builtin",
    "background_category_id": 0,
    "cube_category_ids": [
      1,
      2
    ],
    "ground_category_id": 3,
    "render_keys": [
      "depth",
      "category_id_segmaps",
      "instance_attribute_maps",
      "colors"
    ],
    "unique_segmentation_ids": [
      0,
      1,
      2,
      3
    ]
  },
  "lighting": {
    "sun_light": {
      "type": "SUN",
      "location": [
        2,
        2,
        3
      ],
      "energy": 5,
      "rotation_euler": [
        0.3,
        0.3,
        0
      ]
    },
    "point_light": {
      "type": "POINT",
      "location": [
        -1,
        -1,
        2
      ],
      "energy": 100
    }
  },
  "ground": {
    "scale": [
      10,
      10,
      1
    ],
    "location": [
      0,
      0,
      -1
    ],
    "color": [
      0.7,
      0.7,
      0.7
    ]
  }
}