{
  "scene_id": 7,
  "scene_name": "scene_0007",
  "camera": {
    "location": [
      6,
      -6,
      3
    ],
    "resolution": [
      640,
      480
    ],
    "intrinsic_matrix": [
      [
        622.2222222222222,
        0.0,
        320.0
      ],
      [
        0.0,
        622.2222222222222,
        240.0
      ],
      [
        0.0,
        0.0,
        1.0
      ]
    ],
    "pose_matrix": [
      [
        0.7071067690849304,
        0.04159454628825188,
        0.7058823704719543,
        6.0
      ],
      [
        0.7071067690849304,
        -0.04159462824463844,
        -0.7058823108673096,
        -6.0
      ],
      [
        5.9267556196118676e-08,
        0.9982683658599854,
        -0.05882362648844719,
        3.0
      ],
      [
        0.0,
        0.0,
        0.0,
        1.0
      ]
    ],
    "focal_length_mm": 35,
    "sensor_width_mm": 36,
    "target_location": [
      0,
      0,
      3.5
    ]
  },
  "files": {
    "hdf5_file": "0.hdf5",
    "rgb_image": "scene_0007.png",
    "depth_map": "scene_0007_depth.npy",
    "semantic_segmentation": "scene_0007_semantic.npy",
    "instance_segmentation": "scene_0007_instance.npy"
  },
  "cubes": {
    "cube_1": {
      "location": [
        -1.3966033043019923,
        0.603737892159415,
        2.2173088600026283
      ],
      "scale": 0.4647665529666325,
      "actual_size": 0.929533105933265,
      "category_id": 1,
      "color": [
        0.8,
        0.2,
        0.8
      ],
      "roughness": 0.3376520276069641,
      "mask_pixel_count": 2630,
      "mask_coverage_percent": 0.8561197916666667,
      "bbox_width": 75,
      "bbox_height": 66,
      "bbox_area": 4950,
      "bbox_aspect_ratio": 1.1363636363636365,
      "bbox_center": [
        280.0,
        328.5
      ],
      "bbox_coords": [
        243,
        296,
        317,
        361
      ],
      "pixel_density": 0.5313131313131313,
      "equivalent_radius_pixel": 28.9336309623139,
      "equivalent_radius_bbox": 39.694255713009206,
      "bbox_coverage_percent": 1.611328125
    },
    "cube_2": {
      "location": [
        1.638816252572409,
        -1.141207276657353,
        2.257841701067515
      ],
      "scale": 0.5165576011806711,
      "actual_size": 1.0331152023613421,
      "category_id": 2,
      "color": [
        0.8,
        0.8,
        0.2
      ],
      "roughness": 0.3279421627521515,
      "mask_pixel_count": 15350,
      "mask_coverage_percent": 4.996744791666666,
      "bbox_width": 142,
      "bbox_height": 118,
      "bbox_area": 16756,
      "bbox_aspect_ratio": 1.2033898305084745,
      "bbox_center": [
        353.5,
        354.5
      ],
      "bbox_coords": [
        283,
        296,
        424,
        413
      ],
      "pixel_density": 0.9160897588923371,
      "equivalent_radius_pixel": 69.90033442639017,
      "equivalent_radius_bbox": 73.03150315374589,
      "bbox_coverage_percent": 5.454427083333333
    }
  },
  "segmentation_info": {
    "method": "blenderproc_builtin",
    "background_category_id": 0,
    "cube_category_ids": [
      1,
      2
    ],
    "ground_category_id": 3,
    "render_keys": [
      "depth",
      "category_id_segmaps",
      "instance_attribute_maps",
      "colors"
    ],
    "unique_segmentation_ids": [
      0,
      1,
      2,
      3
    ]
  },
  "lighting": {
    "sun_light": {
      "type": "SUN",
      "location": [
        2,
        2,
        3
      ],
      "energy": 5,
      "rotation_euler": [
        0.3,
        0.3,
        0
      ]
    },
    "point_light": {
      "type": "POINT",
      "location": [
        -1,
        -1,
        2
      ],
      "energy": 100
    }
  },
  "ground": {
    "scale": [
      10,
      10,
      1
    ],
    "location": [
      0,
      0,
      -1
    ],
    "color": [
      0.7,
      0.7,
      0.7
    ]
  }
}