{
  "scene_id": 44,
  "scene_name": "scene_0044",
  "camera": {
    "location": [
      6,
      -6,
      3
    ],
    "resolution": [
      640,
      480
    ],
    "intrinsic_matrix": [
      [
        622.2222222222222,
        0.0,
        320.0
      ],
      [
        0.0,
        622.2222222222222,
        240.0
      ],
      [
        0.0,
        0.0,
        1.0
      ]
    ],
    "pose_matrix": [
      [
        0.7071067690849304,
        0.04159454628825188,
        0.7058823704719543,
        6.0
      ],
      [
        0.7071067690849304,
        -0.04159462824463844,
        -0.7058823108673096,
        -6.0
      ],
      [
        5.9267556196118676e-08,
        0.9982683658599854,
        -0.05882362648844719,
        3.0
      ],
      [
        0.0,
        0.0,
        0.0,
        1.0
      ]
    ],
    "focal_length_mm": 35,
    "sensor_width_mm": 36,
    "target_location": [
      0,
      0,
      3.5
    ]
  },
  "files": {
    "hdf5_file": "0.hdf5",
    "rgb_image": "scene_0044.png",
    "depth_map": "scene_0044_depth.npy",
    "semantic_segmentation": "scene_0044_semantic.npy",
    "instance_segmentation": "scene_0044_instance.npy"
  },
  "cubes": {
    "cube_1": {
      "location": [
        0.1678880364183848,
        1.4481464659170928,
        2.5299969325863314
      ],
      "scale": 0.48170717585089873,
      "actual_size": 0.9634143517017975,
      "category_id": 1,
      "color": [
        0.2,
        0.8,
        0.2
      ],
      "roughness": 0.4158272445201874,
      "mask_pixel_count": 6043,
      "mask_coverage_percent": 1.9671223958333335,
      "bbox_width": 91,
      "bbox_height": 69,
      "bbox_area": 6279,
      "bbox_aspect_ratio": 1.318840579710145,
      "bbox_center": [
        396.0,
        310.0
      ],
      "bbox_coords": [
        351,
        276,
        441,
        344
      ],
      "pixel_density": 0.9624143971970059,
      "equivalent_radius_pixel": 43.85825626046534,
      "equivalent_radius_bbox": 44.706462344363835,
      "bbox_coverage_percent": 2.0439453125
    },
    "cube_2": {
      "location": [
        0.27475678946988635,
        -1.599279577830722,
        4.323343385317472
      ],
      "scale": 0.44493728893496176,
      "actual_size": 0.8898745778699235,
      "category_id": 2,
      "color": [
        0.2,
        0.8,
        0.8
      ],
      "roughness": 0.6957971453666687,
      "mask_pixel_count": 9354,
      "mask_coverage_percent": 3.044921875,
      "bbox_width": 109,
      "bbox_height": 97,
      "bbox_area": 10573,
      "bbox_aspect_ratio": 1.1237113402061856,
      "bbox_center": [
        239.0,
        158.0
      ],
      "bbox_coords": [
        185,
        110,
        293,
        206
      ],
      "pixel_density": 0.8847063274378133,
      "equivalent_radius_pixel": 54.56620451674441,
      "equivalent_radius_bbox": 58.012847082531806,
      "bbox_coverage_percent": 3.441731770833333
    }
  },
  "segmentation_info": {
    "method": "blenderproc_builtin",
    "background_category_id": 0,
    "cube_category_ids": [
      1,
      2
    ],
    "ground_category_id": 3,
    "render_keys": [
      "depth",
      "category_id_segmaps",
      "instance_attribute_maps",
      "colors"
    ],
    "unique_segmentation_ids": [
      0,
      1,
      2,
      3
    ]
  },
  "lighting": {
    "sun_light": {
      "type": "SUN",
      "location": [
        2,
        2,
        3
      ],
      "energy": 5,
      "rotation_euler": [
        0.3,
        0.3,
        0
      ]
    },
    "point_light": {
      "type": "POINT",
      "location": [
        -1,
        -1,
        2
      ],
      "energy": 100
    }
  },
  "ground": {
    "scale": [
      10,
      10,
      1
    ],
    "location": [
      0,
      0,
      -1
    ],
    "color": [
      0.7,
      0.7,
      0.7
    ]
  }
}